{"cameraMode":{"drawMode":3,"name":"Shadow Cascades","section":"Miscellaneous"},"sceneLighting":true,"audioPlay":false,"sceneViewState":{"showFog":false,"showMaterialUpdate":false,"showSkybox":false,"showFlares":false,"showImageEffects":false,"showParticleSystems":false},"in2DMode":false,"pivot":{"x":430.25311279296877,"y":16.581890106201173,"z":494.87335205078127},"rotation":{"x":-0.015660464763641359,"y":0.976491391658783,"z":-0.20109061896800996,"w":-0.07603871077299118},"size":386.8829650878906,"orthographic":true}