{"cameraMode":{"drawMode":0,"name":"Shaded","section":"Shading Mode"},"sceneLighting":false,"audioPlay":false,"sceneViewState":{"showFog":true,"showMaterialUpdate":true,"showSkybox":false,"showFlares":true,"showImageEffects":true,"showParticleSystems":true},"in2DMode":false,"pivot":{"x":-2.802340030670166,"y":2.603097915649414,"z":3.1821115016937258},"rotation":{"x":-0.15665781497955323,"y":0.7240266799926758,"z":-0.17488142848014832,"w":-0.6485832333564758},"size":16.124574661254884,"orthographic":true}